{"stats":{"minecraft:custom":{"minecraft:time_since_rest":4264,"minecraft:sprint_one_cm":65314,"minecraft:damage_taken":1670,"minecraft:walk_one_cm":65118,"minecraft:damage_blocked_by_shield":1270,"minecraft:mob_kills":30,"minecraft:drop":32,"tombstone:raider_killed":27,"minecraft:damage_dealt":4296,"minecraft:interact_with_crafting_table":4,"minecraft:talked_to_villager":1,"minecraft:fly_one_cm":90929,"minecraft:open_barrel":19,"minecraft:open_chest":14,"minecraft:crouch_one_cm":944,"minecraft:play_one_minute":28761,"tombstone:undead_killed":1,"minecraft:sneak_time":536,"minecraft:jump":547,"minecraft:leave_game":1,"minecraft:walk_on_water_one_cm":4542,"minecraft:time_since_death":28761,"minecraft:sleep_in_bed":2,"minecraft:climb_one_cm":5346,"minecraft:fall_one_cm":14557},"minecraft:killed":{"minecraft:pillager":22,"minecraft:witch":5,"minecraft:zombie_villager":1},"minecraft:picked_up":{"minecraft:stick":1,"minecraft:wheat":873,"cavesandcliffs:raw_iron":7,"ars_nouveau:blue_archwood_sapling":1,"ars_nouveau:blue_archwood_log":51,"minecraft:cobblestone_wall":1,"minecraft:redstone":2,"minecraft:light_blue_bed":2,"minecraft:arrow":22,"minecraft:polished_diorite":1,"minecraft:wheat_seeds":1403,"minecraft:smooth_stone":2,"ars_nouveau:worn_notebook":1,"minecraft:hay_block":5,"minecraft:glowstone_dust":2,"minecraft:coal":10,"ob_core:scroll_primitive_rites":1,"minecraft:cobblestone":2},"minecraft:crafted":{"minecraft:iron_boots":1,"minecraft:iron_chestplate":1,"minecraft:shield":1,"ars_nouveau:archwood_planks":24,"minecraft:iron_axe":1,"minecraft:crafting_table":1,"minecraft:stick":12,"minecraft:iron_pickaxe":1,"minecraft:iron_sword":1,"minecraft:bread":64},"minecraft:used":{"minecraft:iron_hoe":5,"ars_nouveau:blue_archwood_sapling":1,"minecraft:bread":35,"minecraft:iron_pickaxe":24,"minecraft:shield":41,"minecraft:light_blue_bed":1,"minecraft:iron_sword":141,"minecraft:diamond_sword":18,"minecraft:bow":20,"minecraft:crafting_table":1,"alexsmobs:animal_dictionary":1,"minecraft:smooth_stone":2,"minecraft:experience_bottle":4},"minecraft:dropped":{"ars_nouveau:worn_notebook":1,"minecraft:wheat_seeds":1427,"alexsmobs:animal_dictionary":1,"minecraft:iron_chestplate":1,"minecraft:wheat":128,"minecraft:apple":3},"minecraft:mined":{"minecraft:hay_block":5,"minecraft:smooth_stone":2,"ars_nouveau:blue_archwood_log":51,"minecraft:light_blue_bed":2,"minecraft:cobblestone_wall":2,"minecraft:iron_ore":7,"minecraft:wheat":361,"minecraft:grass":1,"biomesoplenty:clover":2,"minecraft:coal_ore":10,"minecraft:cobblestone":2,"minecraft:polished_diorite":1}},"DataVersion":2586}